sample	genome	mapped length	substitution_rate
HN1-BL	HPV16	69	0.086956522
HN1-BL	HPV35	100.7058824	0.00817757
HN1-d008	HPV16	68.61764706	0.095156451
HN1-d008	HPV35	97.99156118	0.008224251
HN2-d008	HPV16	99.72043011	0.002695708
HN2-d008	HPV35	81.71428571	0.103146853
HN2-BL	HPV16	99.80769231	0.002312139
HN2-BL	HPV35	65.33333333	0.086734694
HN3-d008	HPV16	99.65432099	0.000619425
HN3-d008	HPV35	62.6	0.084664537
